group,function,value,throughput_num,throughput_type,sample_measured_value,unit,iteration_count
tokio_postgres_map,,,,,16308539606.0,ns,1
tokio_postgres_map,,,,,16380096953.0,ns,1
tokio_postgres_map,,,,,16371529076.0,ns,1
tokio_postgres_map,,,,,16526634551.0,ns,1
tokio_postgres_map,,,,,16460629504.0,ns,1
tokio_postgres_map,,,,,16429501780.0,ns,1
tokio_postgres_map,,,,,16441538982.0,ns,1
tokio_postgres_map,,,,,16585859179.0,ns,1
tokio_postgres_map,,,,,16387974959.0,ns,1
tokio_postgres_map,,,,,16997712132.0,ns,1
